Id,Title,Description,ReleaseYear,AgeCertification,Runtime,ProductionCountry,Seasons
0,ut,Ex ab perspiciatis sint.,2019,A,233,CK,4
1,accusamus,Dolores aut est recusandae ratione repellat repudiandae quae laborum architecto.,1989,NC - 17,158,SY,0
2,aliquam,Illum architecto placeat delectus est nam esse.,2006,M / PG,182,PG,3
3,laudantium,Rerum non sed dolore itaque.,1978,TV - 14,192,AM,9
4,rerum,Amet perferendis aut non laudantium eligendi et labore.,2017,12A,157,MF,6
5,modi,Omnis officiis quam molestiae neque nulla autem ipsa.,1983,AL,20,MW,7
6,rerum,Architecto qui qui ab deserunt et autem minima.,1993,U,90,KM,0
7,nobis,Autem laboriosam occaecati odit unde itaque veniam sint rerum et.,2001,E10 +,187,CL,1
8,non,Aut omnis eum.,2005,TV - Y,235,RS,9
9,atque,Enim laborum molestiae tempora.,2003,TV - Y7,156,AQ,5
10,quisquam,Dolores autem iure.,2012,PG,59,FR,0
11,voluptatum,Eius quo accusantium quia.,1987,MA15+,111,UZ,5
12,neque,Harum autem quod.,2005,M,117,CO,2
13,temporibus,Dolorum mollitia at sit sint dolorum consequatur qui libero consequatur.,2017,12A,31,DJ,2
14,et,Animi excepturi velit quia.,1980,PG,50,PH,6
15,id,Sint alias velit labore.,1978,CA,95,MP,1
16,aliquam,Est omnis voluptate consectetur temporibus eum libero at repellendus qui.,2001,E,79,BT,2
17,aliquam,Fugit harum et voluptates vel voluptatem omnis.,1986,MA15+,220,HR,7
18,aliquam,Numquam esse libero ea reiciendis vero molestiae ipsam sapiente.,2006,NC-17,20,PT,5
19,voluptatibus,Quia eveniet tenetur ea dolorem atque ex dolor aut.,1982,T,225,UA,7
20,omnis,Deleniti quas sint exercitationem.,2005,CA,207,SE,6
21,laudantium,Dolorem cupiditate tempora et fugit dolorem in.,1986,M/PG,45,ET,8
22,et,Laudantium molestias rerum enim aperiam.,1991,S,145,CV,6
23,ea,Incidunt qui mollitia voluptatum labore fugit.,1992,12A,13,FO,4
24,veritatis,Dolore minima nihil et fugiat amet voluptates alias vel.,1981,U,177,PW,8
25,voluptatum,Quia quia et dicta porro a qui sapiente dolore.,2008,9,167,PS,7
26,ducimus,Commodi dolorum impedit est non voluptates dolor.,2011,U,59,PA,1
27,sunt,Iusto earum sit est neque cum nisi ipsam consequatur.,2017,R18 +,57,TV,0
28,distinctio,Non exercitationem nesciunt non.,1994,M / PG,238,DJ,3
29,nulla,Qui porro fugiat esse reprehenderit numquam.,2015,TV - PG,139,GL,3
30,velit,Dolorem similique vel autem aliquid omnis.,2004,E10 +,194,NP,10
31,ut,Perferendis quasi velit sed.,2000,MA15 +,167,MY,2
32,officia,Officia sunt qui atque.,2009,S,224,BO,0
33,molestiae,Cum repellendus quaerat ullam vero eum consequatur rerum.,1982,U / A,155,AF,9
34,id,Fugiat qui nesciunt nesciunt non eos nesciunt commodi voluptas.,1988,C,142,KG,7
35,voluptatibus,Voluptatem corrupti asperiores earum.,1999,TV - PG,179,LR,10
36,blanditiis,Ea doloremque omnis aut.,2009,U/A,108,JO,7
37,exercitationem,Repellat corporis similique.,1979,GP,155,BW,3
38,officia,Qui dolor nihil quas expedita vel ut.,1995,TV-Y7,238,KE,3
39,enim,Atque labore quam sint.,2013,GP,65,IE,8
40,non,Molestias reiciendis fugiat eum.,1986,15,58,AZ,7
41,quam,Omnis facere reprehenderit.,2021,E,36,SY,8
42,est,Laudantium dolor sed consequatur neque sunt.,1992,C,222,EE,8
43,omnis,Eos tempore nam itaque quibusdam nihil officiis amet et vero.,2018,R21,206,ML,1
44,omnis,Odio nobis iure natus eos esse explicabo.,2006,A,92,SI,2
45,autem,Qui autem expedita fugiat.,1988,PG,234,CW,1
46,alias,Soluta voluptate eaque dolor id.,1993,TV - Y,62,AL,3
47,cumque,Ullam sit nesciunt qui perferendis tenetur dicta omnis.,2015,M,191,MF,3
48,id,Ad deleniti quis.,1999,R21,115,AO,6
49,animi,Et non hic ad accusantium officiis vel et cumque.,2005,15,93,BT,7
50,repellat,Ex et optio ad nemo.,1990,R18,215,MP,2
51,enim,Numquam quaerat voluptates voluptas aut est dicta saepe aperiam.,1980,TV-14,203,PR,6
52,officia,Dolorum asperiores id qui explicabo aut perferendis.,2014,PG - 13,187,CU,5
53,qui,Aperiam a omnis libero sed.,2014,E,27,GB,9
54,et,Et voluptas vel rerum et qui voluptatem hic est.,1997,12,108,MP,8
55,aut,Iste qui quas veniam nihil tempora excepturi.,2013,TV - MA,210,TJ,1
56,enim,Impedit laboriosam delectus aut molestiae consequuntur et ut.,2015,12A,196,KI,1
57,omnis,Voluptas deleniti sit qui rerum magnam.,2005,U / A,168,EG,2
58,iure,Blanditiis accusamus nostrum accusantium.,2015,R,225,GY,10
59,velit,Architecto in aut deserunt.,1999,18R,57,FI,5
60,perspiciatis,Eos est omnis praesentium similique qui nam in itaque.,1982,AL,58,LA,10
61,facere,Consectetur aliquam enim.,1982,9,129,HN,4
62,quia,Voluptatem et possimus commodi nisi incidunt est voluptatibus et.,1994,TV-14,224,PF,8
63,eum,Ea et vel aut ea sapiente corrupti.,2011,R21,207,YT,10
64,ut,Eum quia quis et quo voluptatem esse aliquam.,2020,R,239,GH,0
65,consectetur,Minus consectetur ut fugiat.,1986,R21,69,BN,9
66,laborum,Et corporis earum adipisci minus.,2014,NC-17,152,SS,4
67,vel,Voluptate suscipit aut.,1987,T,190,MV,3
68,autem,Sapiente dolores tempora et ut id perferendis quas voluptate amet.,2009,R21,111,CN,8
69,at,Quo ut molestias veniam ipsum.,2015,TV-Y,10,TV,1
70,ab,Doloribus nemo beatae impedit quo nesciunt sunt ipsa iure repellendus.,2017,E,162,AD,3
71,voluptatem,Qui eveniet in nobis temporibus consequuntur ut aliquam.,2009,R18 +,77,PG,3
72,aperiam,Eos dolor quo suscipit.,2004,U/A,14,WF,4
73,dolores,Aut occaecati laboriosam assumenda.,2015,GP,113,HU,1
74,recusandae,Magni qui quam ut odio culpa eum quo ducimus.,1987,GP,73,BB,5
75,sint,Velit corporis velit ut quia laboriosam optio corrupti.,2009,12A,178,PT,2
76,quisquam,Quia iusto dolor architecto laboriosam et animi explicabo voluptatibus debitis.,1990,T,148,IS,5
77,qui,Consequuntur provident aut eligendi voluptas eum.,2014,6,52,ME,3
78,veritatis,Minima suscipit quia dolores fugiat nesciunt.,2002,E,83,BD,6
79,voluptatum,Voluptatem ut commodi ut alias quis quam harum repudiandae veniam.,2002,TV-Y,214,TO,0
80,dignissimos,Et qui nobis ut facilis rerum est minima voluptas.,2008,R18 +,56,GI,10
81,impedit,Dolore consequatur quam ut reiciendis tenetur ad aliquid quos.,2011,R21,68,QA,8
82,eaque,Qui cupiditate vel autem aperiam architecto.,1991,U,74,CY,1
83,eum,Quisquam nihil eligendi sint saepe sapiente accusantium et.,2014,EC,53,CG,2
84,nulla,Voluptates qui explicabo et tempora sed inventore itaque.,2018,U/A,198,IN,6
85,voluptatem,Numquam dolore dignissimos suscipit velit sint magni quis commodi.,1978,PG,101,CI,3
86,molestiae,Soluta modi asperiores nisi quae sapiente maxime libero et.,1994,9,168,QA,10
87,aut,Voluptatibus nobis non sit amet est libero expedita quibusdam.,1985,C,178,AE,1
88,aut,Laborum sit quidem architecto fugiat non iusto ut.,1992,12,75,BL,6
89,quas,Culpa minus praesentium.,1988,R,126,CO,10
90,ipsam,Laborum repellat non labore eligendi.,1976,U / A,158,BE,1
91,et,Ut atque et earum molestiae doloremque tempora.,2007,NC-17,109,NZ,2
92,est,Culpa quod consequatur blanditiis maxime.,2010,6,21,GS,3
93,ad,Dolorum sunt nam id eaque quae quo voluptatem consequatur veniam.,2009,E,118,MM,6
94,soluta,Autem dolor sed quia rem fuga nulla.,1984,12A,19,MK,5
95,possimus,Et minus tenetur.,1986,GP,12,AW,7
96,omnis,Aut repellendus eaque eum culpa cumque cumque amet.,1987,G,116,IS,4
97,et,Repellat praesentium autem molestiae.,1982,15,240,SH,4
98,quia,Eveniet non consectetur sunt sint sunt.,1993,TV - PG,211,GP,5
99,sapiente,Voluptatem odio quia exercitationem aut cupiditate fugiat a.,1990,12,153,CI,0
